<?xml version="1.0" encoding="UTF-8"?>
<beans xmlns="http://www.springframework.org/schema/beans"
       xmlns:xsi="http://www.w3.org/2001/XMLSchema-instance"
       xmlns:context="http://www.springframework.org/schema/context"
       xmlns:mvc="http://www.springframework.org/schema/mvc"
       xmlns:task="http://www.springframework.org/schema/task"
       xsi:schemaLocation="http://www.springframework.org/schema/beans
 http://www.springframework.org/schema/beans/spring-beans-2.5.xsd
 http://www.springframework.org/schema/mvc
 http://www.springframework.org/schema/mvc/spring-mvc-3.0.xsd
 http://www.springframework.org/schema/context
 http://www.springframework.org/schema/context/spring-context-3.0.xsd
 http://www.springframework.org/schema/task
 http://www.springframework.org/schema/task/spring-task.xsd
 ">
    <context:component-scan base-package="ua.edu.nlu.oldlib" />

    <bean id="propertyConfigurer" class="org.springframework.beans.factory.config.PropertyPlaceholderConfigurer">
        <property name="ignoreUnresolvablePlaceholders" value="true"/>
        <property name="fileEncoding" value="UTF-8"/>
        <property name="location">
            <value>classpath:config.properties</value>
        </property>
    </bean>

    <bean id="ftpClientFactory"
          class="org.springframework.integration.ftp.session.DefaultFtpSessionFactory">
        <property name="host" value="${ftp.ip}"/>
        <property name="port" value="21"/>
        <property name="username" value="${ftp.login}"/>
        <property name="password" value="${ftp.password}"/>
        <property name="clientMode" value="0"/>
        <property name="fileType" value="2"/>
        <property name="bufferSize" value="100000"/>
    </bean>

    <bean id="ftpSession" factory-bean="ftpClientFactory" factory-method="getSession">

    </bean>

    <task:annotation-driven executor="executor" scheduler="scheduler"/>
    <task:executor id="executor" pool-size="5"/>
    <task:scheduler id="scheduler" pool-size="10"/>

    <mvc:resources mapping="/app/**" location="resources/app/" />
    <mvc:annotation-driven/>
</beans>