<beans:beans xmlns="http://www.springframework.org/schema/security"
             xmlns:beans="http://www.springframework.org/schema/beans"
             xmlns:xsi="http://www.w3.org/2001/XMLSchema-instance"
             xsi:schemaLocation="http://www.springframework.org/schema/beans
	http://www.springframework.org/schema/beans/spring-beans-3.0.xsd
	http://www.springframework.org/schema/security
	http://www.springframework.org/schema/security/spring-security-4.0.xsd">

    <!-- enable use-expressions -->
    <http auto-config="true" use-expressions="true">
        <intercept-url pattern="/admin**" access="hasRole('ROLE_ADMIN')" />

        <!-- access denied page -->
        <access-denied-handler error-page="/403" />
        <form-login
                login-processing-url="/j_spring_security_check"
                login-page="/login"
                default-target-url="/index"
                authentication-failure-url="/login?error"
                username-parameter="username"
                password-parameter="password" />
        <logout logout-success-url="/login?logout" />
        <!-- enable csrf protection -->
        <!--<csrf />-->
    </http>

    <beans:bean id="userDao" class="ua.edu.nlu.oldlib.test.UserDaoMock">

    </beans:bean>

    <beans:bean id="securityService" class="ua.edu.nlu.oldlib.service.SecurityService">
        <beans:property name="userDaoMock" ref="userDao"/>
    </beans:bean>

    <authentication-manager>
        <authentication-provider user-service-ref="securityService" >
            <password-encoder hash="md5" />
        </authentication-provider>
    </authentication-manager>

</beans:beans>