<?xml version="1.0" encoding="UTF-8" ?>
<!DOCTYPE log4j:configuration PUBLIC
        "-//APACHE//DTD LOG4J 1.2//EN"
        "http://logging.apache.org/log4j/1.2/apidocs/org/apache/log4j/xml/doc-files/log4j.dtd">
<log4j:configuration debug="false">

    <appender name="ConsoleAppender" class="org.apache.log4j.ConsoleAppender">
        <param name="Encoding" value="utf-8"/>
        <layout class="org.apache.log4j.PatternLayout">
            <param name="ConversionPattern" value="%d{yyyy-MM-dd HH:mm:ss} %-5p %c{1}:%L - %m%n"/>

        </layout>
    </appender>

    <appender name="FileAppender" class="org.apache.log4j.DailyRollingFileAppender">
        <param name="File" value="${catalina.home}/logs/oldlib.log"/>
        <param name="DatePattern" value="'-'yyyy-MM-dd"/>
        <param name="Encoding" value="utf-8"/>
        <layout class="org.apache.log4j.PatternLayout">
            <param name="ConversionPattern" value="%d{yyyy-MM-dd HH:mm:ss} %-5p %c{1}:%L - %m%n"/>
        </layout>
    </appender>

    <logger name="org.springframework">
        <level value="TRACE" />
    </logger>

    <logger name="org.hibernate">
        <level value="ERROR" />
    </logger>

    <root>
        <priority value="ALL"/>
        <appender-ref ref="ConsoleAppender"/>
        <appender-ref ref="FileAppender"/>
    </root>


</log4j:configuration>

