<?xml version="1.0" encoding="UTF-8"?>

<beans xmlns="http://www.springframework.org/schema/beans"
       xmlns:int-ftp="http://www.springframework.org/schema/integration/ftp"
       xmlns:xsi="http://www.w3.org/2001/XMLSchema-instance"
       xsi:schemaLocation="http://www.springframework.org/schema/beans
    http://www.springframework.org/schema/beans/spring-beans-3.0.xsd
    http://www.springframework.org/schema/integration/ftp
    http://www.springframework.org/schema/integration/ftp/spring-integration-ftp.xsd
    "
        >

    <bean id="test" class="ua.edu.nlu.oldlib.test.TestClass">
        <property name="message" value="Hello World!!!!!!"/>
    </bean>

    <bean id="propertyConfigurer" class="org.springframework.beans.factory.config.PropertyPlaceholderConfigurer">
        <property name="ignoreUnresolvablePlaceholders" value="true"/>
        <property name="fileEncoding" value="UTF-8"/>
        <property name="location">
            <value>classpath:config.properties</value>
        </property>
    </bean>


    <bean id="ftpClientFactory"
          class="org.springframework.integration.ftp.session.DefaultFtpSessionFactory">
        <property name="host" value="${ftp.ip}"/>
        <property name="port" value="21"/>
        <property name="username" value="${ftp.login}"/>
        <property name="password" value="${ftp.password}"/>
        <property name="clientMode" value="0"/>
        <property name="fileType" value="2"/>
        <property name="bufferSize" value="100000"/>
    </bean>



</beans>